[
{
  "model": "Game.quiz",
  "pk": 1,
  "fields": {
    "quizz_name": "Harry Potter"
  }
},
{
  "model": "Game.quiz",
  "pk": 2,
  "fields": {
    "quizz_name": "Kasetsart University"
  }
},
{
  "model": "Game.quiz",
  "pk": 3,
  "fields": {
    "quizz_name": "Mathematicals"
  }
},
{
  "model": "Game.quiz",
  "pk": 10,
  "fields": {
    "quizz_name": "General Knowledge"
  }
},
{
  "model": "Game.question",
  "pk": 1,
  "fields": {
    "quizz_id": 1,
    "question_text": "What is the guardian animal of Harry Potter ?"
  }
},
{
  "model": "Game.question",
  "pk": 2,
  "fields": {
    "quizz_id": 1,
    "question_text": "Who is the girl crying in the bathroom ?"
  }
},
{
  "model": "Game.question",
  "pk": 3,
  "fields": {
    "quizz_id": 1,
    "question_text": "What is the spell that can delete the memories of people ?"
  }
},
{
  "model": "Game.question",
  "pk": 4,
  "fields": {
    "quizz_id": 1,
    "question_text": "Which one is the boggart that show Harry's scariest ?"
  }
},
{
  "model": "Game.question",
  "pk": 5,
  "fields": {
    "quizz_id": 1,
    "question_text": "What is the name of Albus Dumbledore's wand ?"
  }
},
{
  "model": "Game.question",
  "pk": 6,
  "fields": {
    "quizz_id": 2,
    "question_text": "What is the Kasetsart university symbol?"
  }
},
{
  "model": "Game.question",
  "pk": 7,
  "fields": {
    "quizz_id": 2,
    "question_text": "What is the Kasetsart university tree?"
  }
},
{
  "model": "Game.question",
  "pk": 8,
  "fields": {
    "quizz_id": 2,
    "question_text": "The trees that the King and the Queen planted is?"
  }
},
{
  "model": "Game.question",
  "pk": 9,
  "fields": {
    "quizz_id": 2,
    "question_text": "What's happened when we see a white squirel?"
  }
},
{
  "model": "Game.question",
  "pk": 10,
  "fields": {
    "quizz_id": 2,
    "question_text": "What's happened when we see a turtle?"
  }
},
{
  "model": "Game.question",
  "pk": 11,
  "fields": {
    "quizz_id": 3,
    "question_text": "sin 2A = ???"
  }
},
{
  "model": "Game.question",
  "pk": 12,
  "fields": {
    "quizz_id": 3,
    "question_text": "What is the fundamental theorem of calculus ?"
  }
},
{
  "model": "Game.question",
  "pk": 13,
  "fields": {
    "quizz_id": 3,
    "question_text": "55%7+(4/5*15+2) = ???"
  }
},
{
  "model": "Game.question",
  "pk": 14,
  "fields": {
    "quizz_id": 3,
    "question_text": "Which one of the following is not a parallelogram ?"
  }
},
{
  "model": "Game.question",
  "pk": 15,
  "fields": {
    "quizz_id": 3,
    "question_text": "Which one is empty set ?"
  }
},
{
  "model": "Game.question",
  "pk": 16,
  "fields": {
    "quizz_id": 1,
    "question_text": "Who induce Harry to play Quidditch?"
  }
},
{
  "model": "Game.question",
  "pk": 17,
  "fields": {
    "quizz_id": 1,
    "question_text": "How many people who built the Hogwart school?"
  }
},
{
  "model": "Game.question",
  "pk": 18,
  "fields": {
    "quizz_id": 1,
    "question_text": "Where is the place that Harry's parents die?"
  }
},
{
  "model": "Game.question",
  "pk": 19,
  "fields": {
    "quizz_id": 1,
    "question_text": "Who is the Harry's godfather?"
  }
},
{
  "model": "Game.question",
  "pk": 20,
  "fields": {
    "quizz_id": 1,
    "question_text": "Where is the place that Hary buy the wand?"
  }
},
{
  "model": "Game.question",
  "pk": 21,
  "fields": {
    "quizz_id": 1,
    "question_text": "What is the spell that can make something float?"
  }
},
{
  "model": "Game.question",
  "pk": 22,
  "fields": {
    "quizz_id": 1,
    "question_text": "What is the spell that can disarm other people's wand?"
  }
},
{
  "model": "Game.question",
  "pk": 23,
  "fields": {
    "quizz_id": 1,
    "question_text": "Who is the person that Severus Snepp like?"
  }
},
{
  "model": "Game.question",
  "pk": 24,
  "fields": {
    "quizz_id": 1,
    "question_text": "Who is the Harry's sibling?"
  }
},
{
  "model": "Game.question",
  "pk": 25,
  "fields": {
    "quizz_id": 1,
    "question_text": "What is the name of the wizard's bank in London?"
  }
},
{
  "model": "Game.question",
  "pk": 26,
  "fields": {
    "quizz_id": 10,
    "question_text": "Which country that can produce the most Copper?"
  }
},
{
  "model": "Game.question",
  "pk": 27,
  "fields": {
    "quizz_id": 10,
    "question_text": "Which one is the first country that can sail the sea?"
  }
},
{
  "model": "Game.question",
  "pk": 28,
  "fields": {
    "quizz_id": 10,
    "question_text": "Rome is the most powerful country in whom age?"
  }
},
{
  "model": "Game.question",
  "pk": 29,
  "fields": {
    "quizz_id": 10,
    "question_text": "Which is the best country that can handle the trash?"
  }
},
{
  "model": "Game.question",
  "pk": 30,
  "fields": {
    "quizz_id": 10,
    "question_text": "Why Spain pick 12 October to be the a national day?"
  }
},
{
  "model": "Game.question",
  "pk": 31,
  "fields": {
    "quizz_id": 10,
    "question_text": "Which is the biggest country in the world?"
  }
},
{
  "model": "Game.question",
  "pk": 32,
  "fields": {
    "quizz_id": 10,
    "question_text": "HIV was found the first time in which country?"
  }
},
{
  "model": "Game.question",
  "pk": 33,
  "fields": {
    "quizz_id": 10,
    "question_text": "Which is the biggest mountain range in the world?"
  }
},
{
  "model": "Game.question",
  "pk": 34,
  "fields": {
    "quizz_id": 10,
    "question_text": "Which is the longest mountain range in the world?"
  }
},
{
  "model": "Game.question",
  "pk": 35,
  "fields": {
    "quizz_id": 10,
    "question_text": "The oldest Chinese civilization was in which area?"
  }
},
{
  "model": "Game.question",
  "pk": 36,
  "fields": {
    "quizz_id": 10,
    "question_text": "Which country eat fish the most in the world?"
  }
},
{
  "model": "Game.question",
  "pk": 37,
  "fields": {
    "quizz_id": 10,
    "question_text": "Who is the first Pope?"
  }
},
{
  "model": "Game.question",
  "pk": 38,
  "fields": {
    "quizz_id": 10,
    "question_text": "Where is the first place of human follow the Bible?"
  }
},
{
  "model": "Game.question",
  "pk": 39,
  "fields": {
    "quizz_id": 10,
    "question_text": "Who was let Jew independent from ancient Egypt?"
  }
},
{
  "model": "Game.question",
  "pk": 40,
  "fields": {
    "quizz_id": 10,
    "question_text": "Who is the person that invent multiplication table?"
  }
},
{
  "model": "Game.choice",
  "pk": 1,
  "fields": {
    "question": 1,
    "choice_text": "Deer",
    "answer": true
  }
},
{
  "model": "Game.choice",
  "pk": 2,
  "fields": {
    "question": 1,
    "choice_text": "Rat",
    "answer": false
  }
},
{
  "model": "Game.choice",
  "pk": 3,
  "fields": {
    "question": 1,
    "choice_text": "Otter",
    "answer": false
  }
},
{
  "model": "Game.choice",
  "pk": 4,
  "fields": {
    "question": 1,
    "choice_text": "Bird",
    "answer": false
  }
},
{
  "model": "Game.choice",
  "pk": 5,
  "fields": {
    "question": 2,
    "choice_text": "Hermione Granger",
    "answer": false
  }
},
{
  "model": "Game.choice",
  "pk": 6,
  "fields": {
    "question": 2,
    "choice_text": "Moaning myrtle",
    "answer": true
  }
},
{
  "model": "Game.choice",
  "pk": 7,
  "fields": {
    "question": 2,
    "choice_text": "Sho Shang",
    "answer": false
  }
},
{
  "model": "Game.choice",
  "pk": 8,
  "fields": {
    "question": 2,
    "choice_text": "Luna Lovegood",
    "answer": false
  }
},
{
  "model": "Game.choice",
  "pk": 9,
  "fields": {
    "question": 3,
    "choice_text": "Obliviate",
    "answer": true
  }
},
{
  "model": "Game.choice",
  "pk": 10,
  "fields": {
    "question": 3,
    "choice_text": "Avada kedavra",
    "answer": false
  }
},
{
  "model": "Game.choice",
  "pk": 11,
  "fields": {
    "question": 3,
    "choice_text": "Expecto patronum",
    "answer": false
  }
},
{
  "model": "Game.choice",
  "pk": 12,
  "fields": {
    "question": 3,
    "choice_text": "Expelliarmus",
    "answer": false
  }
},
{
  "model": "Game.choice",
  "pk": 13,
  "fields": {
    "question": 4,
    "choice_text": "Dementor",
    "answer": true
  }
},
{
  "model": "Game.choice",
  "pk": 14,
  "fields": {
    "question": 4,
    "choice_text": "Snake",
    "answer": false
  }
},
{
  "model": "Game.choice",
  "pk": 15,
  "fields": {
    "question": 4,
    "choice_text": "Severus Snape",
    "answer": false
  }
},
{
  "model": "Game.choice",
  "pk": 16,
  "fields": {
    "question": 4,
    "choice_text": "Clowns",
    "answer": false
  }
},
{
  "model": "Game.choice",
  "pk": 17,
  "fields": {
    "question": 5,
    "choice_text": "Bomblaster wand ",
    "answer": false
  }
},
{
  "model": "Game.choice",
  "pk": 18,
  "fields": {
    "question": 5,
    "choice_text": "Older wand",
    "answer": false
  }
},
{
  "model": "Game.choice",
  "pk": 19,
  "fields": {
    "question": 5,
    "choice_text": "Phoenix wand",
    "answer": false
  }
},
{
  "model": "Game.choice",
  "pk": 20,
  "fields": {
    "question": 5,
    "choice_text": "Elder wand",
    "answer": true
  }
},
{
  "model": "Game.choice",
  "pk": 21,
  "fields": {
    "question": 6,
    "choice_text": "Phra Phrom",
    "answer": false
  }
},
{
  "model": "Game.choice",
  "pk": 22,
  "fields": {
    "question": 6,
    "choice_text": "Phra Vishnu",
    "answer": false
  }
},
{
  "model": "Game.choice",
  "pk": 23,
  "fields": {
    "question": 6,
    "choice_text": "Phra Phirun",
    "answer": true
  }
},
{
  "model": "Game.choice",
  "pk": 24,
  "fields": {
    "question": 6,
    "choice_text": "Phra In",
    "answer": false
  }
},
{
  "model": "Game.choice",
  "pk": 25,
  "fields": {
    "question": 7,
    "choice_text": "Samanea saman ",
    "answer": false
  }
},
{
  "model": "Game.choice",
  "pk": 26,
  "fields": {
    "question": 7,
    "choice_text": "Nontri",
    "answer": true
  }
},
{
  "model": "Game.choice",
  "pk": 27,
  "fields": {
    "question": 7,
    "choice_text": "Golden Shower Tree",
    "answer": false
  }
},
{
  "model": "Game.choice",
  "pk": 28,
  "fields": {
    "question": 7,
    "choice_text": "Sunflower",
    "answer": false
  }
},
{
  "model": "Game.choice",
  "pk": 29,
  "fields": {
    "question": 8,
    "choice_text": "Samanea saman ",
    "answer": false
  }
},
{
  "model": "Game.choice",
  "pk": 30,
  "fields": {
    "question": 8,
    "choice_text": "Nontri",
    "answer": true
  }
},
{
  "model": "Game.choice",
  "pk": 31,
  "fields": {
    "question": 8,
    "choice_text": "Golden Shower Tree",
    "answer": false
  }
},
{
  "model": "Game.choice",
  "pk": 32,
  "fields": {
    "question": 8,
    "choice_text": "Sunflower",
    "answer": false
  }
},
{
  "model": "Game.choice",
  "pk": 33,
  "fields": {
    "question": 9,
    "choice_text": "Bad luck ",
    "answer": false
  }
},
{
  "model": "Game.choice",
  "pk": 34,
  "fields": {
    "question": 9,
    "choice_text": "Get an F",
    "answer": false
  }
},
{
  "model": "Game.choice",
  "pk": 35,
  "fields": {
    "question": 9,
    "choice_text": "Get an A",
    "answer": true
  }
},
{
  "model": "Game.choice",
  "pk": 36,
  "fields": {
    "question": 9,
    "choice_text": "Get money",
    "answer": false
  }
},
{
  "model": "Game.choice",
  "pk": 37,
  "fields": {
    "question": 10,
    "choice_text": "Bad luck ",
    "answer": false
  }
},
{
  "model": "Game.choice",
  "pk": 38,
  "fields": {
    "question": 10,
    "choice_text": "Get an F",
    "answer": true
  }
},
{
  "model": "Game.choice",
  "pk": 39,
  "fields": {
    "question": 10,
    "choice_text": "Get an A",
    "answer": false
  }
},
{
  "model": "Game.choice",
  "pk": 40,
  "fields": {
    "question": 10,
    "choice_text": "Get money",
    "answer": false
  }
},
{
  "model": "Game.choice",
  "pk": 41,
  "fields": {
    "question": 11,
    "choice_text": "sinAcosA",
    "answer": false
  }
},
{
  "model": "Game.choice",
  "pk": 42,
  "fields": {
    "question": 11,
    "choice_text": "cosA/2sinA/2",
    "answer": false
  }
},
{
  "model": "Game.choice",
  "pk": 43,
  "fields": {
    "question": 11,
    "choice_text": "2sinAcosA",
    "answer": true
  }
},
{
  "model": "Game.choice",
  "pk": 44,
  "fields": {
    "question": 11,
    "choice_text": "2cosA/2sinA/2",
    "answer": false
  }
},
{
  "model": "Game.choice",
  "pk": 45,
  "fields": {
    "question": 12,
    "choice_text": "Differentiate",
    "answer": false
  }
},
{
  "model": "Game.choice",
  "pk": 46,
  "fields": {
    "question": 12,
    "choice_text": "Integration",
    "answer": true
  }
},
{
  "model": "Game.choice",
  "pk": 47,
  "fields": {
    "question": 12,
    "choice_text": "Pythagoras",
    "answer": false
  }
},
{
  "model": "Game.choice",
  "pk": 48,
  "fields": {
    "question": 12,
    "choice_text": "Terminology",
    "answer": false
  }
},
{
  "model": "Game.choice",
  "pk": 49,
  "fields": {
    "question": 13,
    "choice_text": "20",
    "answer": true
  }
},
{
  "model": "Game.choice",
  "pk": 50,
  "fields": {
    "question": 13,
    "choice_text": "19.6",
    "answer": false
  }
},
{
  "model": "Game.choice",
  "pk": 51,
  "fields": {
    "question": 13,
    "choice_text": "8.05",
    "answer": false
  }
},
{
  "model": "Game.choice",
  "pk": 52,
  "fields": {
    "question": 13,
    "choice_text": "13",
    "answer": false
  }
},
{
  "model": "Game.choice",
  "pk": 53,
  "fields": {
    "question": 14,
    "choice_text": "Rectangle",
    "answer": false
  }
},
{
  "model": "Game.choice",
  "pk": 54,
  "fields": {
    "question": 14,
    "choice_text": "Circle",
    "answer": true
  }
},
{
  "model": "Game.choice",
  "pk": 55,
  "fields": {
    "question": 14,
    "choice_text": "Rhombus",
    "answer": false
  }
},
{
  "model": "Game.choice",
  "pk": 56,
  "fields": {
    "question": 14,
    "choice_text": "Rhomboid",
    "answer": false
  }
},
{
  "model": "Game.choice",
  "pk": 57,
  "fields": {
    "question": 15,
    "choice_text": "{x|x is a people with 180 cm hight in the world}",
    "answer": false
  }
},
{
  "model": "Game.choice",
  "pk": 58,
  "fields": {
    "question": 15,
    "choice_text": "{x|if x != 100, then x>100}",
    "answer": false
  }
},
{
  "model": "Game.choice",
  "pk": 59,
  "fields": {
    "question": 15,
    "choice_text": "{x|20<x<25 and x % 9 ==0}",
    "answer": true
  }
},
{
  "model": "Game.choice",
  "pk": 60,
  "fields": {
    "question": 15,
    "choice_text": "{x|20<x<25 or x % 9 ==0}",
    "answer": false
  }
},
{
  "model": "Game.choice",
  "pk": 61,
  "fields": {
    "question": 16,
    "choice_text": "Dumbledorr",
    "answer": false
  }
},
{
  "model": "Game.choice",
  "pk": 62,
  "fields": {
    "question": 16,
    "choice_text": "Maggonnagul",
    "answer": true
  }
},
{
  "model": "Game.choice",
  "pk": 63,
  "fields": {
    "question": 16,
    "choice_text": "Hagrid",
    "answer": false
  }
},
{
  "model": "Game.choice",
  "pk": 64,
  "fields": {
    "question": 16,
    "choice_text": "Hermione",
    "answer": false
  }
},
{
  "model": "Game.choice",
  "pk": 65,
  "fields": {
    "question": 17,
    "choice_text": "3",
    "answer": false
  }
},
{
  "model": "Game.choice",
  "pk": 66,
  "fields": {
    "question": 17,
    "choice_text": "4",
    "answer": true
  }
},
{
  "model": "Game.choice",
  "pk": 67,
  "fields": {
    "question": 17,
    "choice_text": "5",
    "answer": false
  }
},
{
  "model": "Game.choice",
  "pk": 68,
  "fields": {
    "question": 17,
    "choice_text": "6",
    "answer": false
  }
},
{
  "model": "Game.choice",
  "pk": 69,
  "fields": {
    "question": 18,
    "choice_text": "Goddrig Hollow",
    "answer": true
  }
},
{
  "model": "Game.choice",
  "pk": 70,
  "fields": {
    "question": 18,
    "choice_text": "London",
    "answer": false
  }
},
{
  "model": "Game.choice",
  "pk": 71,
  "fields": {
    "question": 18,
    "choice_text": "Paris",
    "answer": false
  }
},
{
  "model": "Game.choice",
  "pk": 72,
  "fields": {
    "question": 18,
    "choice_text": "Diairgon",
    "answer": false
  }
},
{
  "model": "Game.choice",
  "pk": 73,
  "fields": {
    "question": 19,
    "choice_text": "Severus Snepp",
    "answer": false
  }
},
{
  "model": "Game.choice",
  "pk": 74,
  "fields": {
    "question": 19,
    "choice_text": "Dumbledorr",
    "answer": false
  }
},
{
  "model": "Game.choice",
  "pk": 75,
  "fields": {
    "question": 19,
    "choice_text": "Hagrid",
    "answer": false
  }
},
{
  "model": "Game.choice",
  "pk": 76,
  "fields": {
    "question": 19,
    "choice_text": "Serius Black",
    "answer": true
  }
},
{
  "model": "Game.choice",
  "pk": 77,
  "fields": {
    "question": 20,
    "choice_text": "Olivander",
    "answer": true
  }
},
{
  "model": "Game.choice",
  "pk": 78,
  "fields": {
    "question": 20,
    "choice_text": "Hogwart",
    "answer": false
  }
},
{
  "model": "Game.choice",
  "pk": 79,
  "fields": {
    "question": 20,
    "choice_text": "Goddrig Hollow",
    "answer": false
  }
},
{
  "model": "Game.choice",
  "pk": 80,
  "fields": {
    "question": 20,
    "choice_text": "Burmatong School",
    "answer": false
  }
},
{
  "model": "Game.choice",
  "pk": 81,
  "fields": {
    "question": 21,
    "choice_text": "Expecto patronum",
    "answer": false
  }
},
{
  "model": "Game.choice",
  "pk": 82,
  "fields": {
    "question": 21,
    "choice_text": "Expecto patronum",
    "answer": false
  }
},
{
  "model": "Game.choice",
  "pk": 83,
  "fields": {
    "question": 21,
    "choice_text": "Obliviate",
    "answer": false
  }
},
{
  "model": "Game.choice",
  "pk": 84,
  "fields": {
    "question": 21,
    "choice_text": "Wingardium leviosa",
    "answer": true
  }
},
{
  "model": "Game.choice",
  "pk": 85,
  "fields": {
    "question": 22,
    "choice_text": "Expelliarmus",
    "answer": true
  }
},
{
  "model": "Game.choice",
  "pk": 86,
  "fields": {
    "question": 22,
    "choice_text": "Obliviate",
    "answer": false
  }
},
{
  "model": "Game.choice",
  "pk": 87,
  "fields": {
    "question": 22,
    "choice_text": "Expecto patronum",
    "answer": false
  }
},
{
  "model": "Game.choice",
  "pk": 88,
  "fields": {
    "question": 22,
    "choice_text": "Wingardium leviosa",
    "answer": false
  }
},
{
  "model": "Game.choice",
  "pk": 89,
  "fields": {
    "question": 23,
    "choice_text": "Harry Potter",
    "answer": false
  }
},
{
  "model": "Game.choice",
  "pk": 90,
  "fields": {
    "question": 23,
    "choice_text": "Luna Lovegood",
    "answer": false
  }
},
{
  "model": "Game.choice",
  "pk": 91,
  "fields": {
    "question": 23,
    "choice_text": "Lilly Potter",
    "answer": true
  }
},
{
  "model": "Game.choice",
  "pk": 92,
  "fields": {
    "question": 23,
    "choice_text": "James Potter",
    "answer": false
  }
},
{
  "model": "Game.choice",
  "pk": 93,
  "fields": {
    "question": 24,
    "choice_text": "Ronal Weasley",
    "answer": false
  }
},
{
  "model": "Game.choice",
  "pk": 94,
  "fields": {
    "question": 24,
    "choice_text": "Dusley Durseley",
    "answer": true
  }
},
{
  "model": "Game.choice",
  "pk": 95,
  "fields": {
    "question": 24,
    "choice_text": "Goerge Weasley",
    "answer": false
  }
},
{
  "model": "Game.choice",
  "pk": 96,
  "fields": {
    "question": 24,
    "choice_text": "Navil Longbuttom",
    "answer": false
  }
},
{
  "model": "Game.choice",
  "pk": 97,
  "fields": {
    "question": 25,
    "choice_text": "Gringgot",
    "answer": true
  }
},
{
  "model": "Game.choice",
  "pk": 98,
  "fields": {
    "question": 25,
    "choice_text": "SCB",
    "answer": false
  }
},
{
  "model": "Game.choice",
  "pk": 99,
  "fields": {
    "question": 25,
    "choice_text": "Horgwart",
    "answer": false
  }
},
{
  "model": "Game.choice",
  "pk": 100,
  "fields": {
    "question": 25,
    "choice_text": "Goblin",
    "answer": false
  }
},
{
  "model": "Game.choice",
  "pk": 101,
  "fields": {
    "question": 26,
    "choice_text": "United State",
    "answer": true
  }
},
{
  "model": "Game.choice",
  "pk": 102,
  "fields": {
    "question": 26,
    "choice_text": "United Kingdom",
    "answer": false
  }
},
{
  "model": "Game.choice",
  "pk": 103,
  "fields": {
    "question": 26,
    "choice_text": "Thailand",
    "answer": false
  }
},
{
  "model": "Game.choice",
  "pk": 104,
  "fields": {
    "question": 26,
    "choice_text": "China",
    "answer": false
  }
},
{
  "model": "Game.choice",
  "pk": 105,
  "fields": {
    "question": 27,
    "choice_text": "Egypt",
    "answer": true
  }
},
{
  "model": "Game.choice",
  "pk": 106,
  "fields": {
    "question": 27,
    "choice_text": "England",
    "answer": false
  }
},
{
  "model": "Game.choice",
  "pk": 107,
  "fields": {
    "question": 27,
    "choice_text": "Spain",
    "answer": false
  }
},
{
  "model": "Game.choice",
  "pk": 108,
  "fields": {
    "question": 27,
    "choice_text": "Italy",
    "answer": false
  }
},
{
  "model": "Game.choice",
  "pk": 109,
  "fields": {
    "question": 28,
    "choice_text": "Alexander",
    "answer": false
  }
},
{
  "model": "Game.choice",
  "pk": 110,
  "fields": {
    "question": 28,
    "choice_text": "Julius Caesar",
    "answer": true
  }
},
{
  "model": "Game.choice",
  "pk": 111,
  "fields": {
    "question": 28,
    "choice_text": "Falcon",
    "answer": false
  }
},
{
  "model": "Game.choice",
  "pk": 112,
  "fields": {
    "question": 28,
    "choice_text": "Prometheus",
    "answer": false
  }
},
{
  "model": "Game.choice",
  "pk": 113,
  "fields": {
    "question": 29,
    "choice_text": "Thailand",
    "answer": false
  }
},
{
  "model": "Game.choice",
  "pk": 114,
  "fields": {
    "question": 29,
    "choice_text": "China",
    "answer": false
  }
},
{
  "model": "Game.choice",
  "pk": 115,
  "fields": {
    "question": 29,
    "choice_text": "India",
    "answer": false
  }
},
{
  "model": "Game.choice",
  "pk": 116,
  "fields": {
    "question": 29,
    "choice_text": "Japan",
    "answer": true
  }
},
{
  "model": "Game.choice",
  "pk": 117,
  "fields": {
    "question": 30,
    "choice_text": "Columbus found the North America",
    "answer": true
  }
},
{
  "model": "Game.choice",
  "pk": 118,
  "fields": {
    "question": 30,
    "choice_text": "Freedom from United Kingdom",
    "answer": false
  }
},
{
  "model": "Game.choice",
  "pk": 119,
  "fields": {
    "question": 30,
    "choice_text": "Good day Good number",
    "answer": false
  }
},
{
  "model": "Game.choice",
  "pk": 120,
  "fields": {
    "question": 30,
    "choice_text": "Nothing extraordinary",
    "answer": false
  }
},
{
  "model": "Game.choice",
  "pk": 121,
  "fields": {
    "question": 31,
    "choice_text": "China",
    "answer": false
  }
},
{
  "model": "Game.choice",
  "pk": 122,
  "fields": {
    "question": 31,
    "choice_text": "Russia",
    "answer": true
  }
},
{
  "model": "Game.choice",
  "pk": 123,
  "fields": {
    "question": 31,
    "choice_text": "United State",
    "answer": false
  }
},
{
  "model": "Game.choice",
  "pk": 124,
  "fields": {
    "question": 31,
    "choice_text": "Canada",
    "answer": false
  }
},
{
  "model": "Game.choice",
  "pk": 125,
  "fields": {
    "question": 32,
    "choice_text": "Russia",
    "answer": false
  }
},
{
  "model": "Game.choice",
  "pk": 126,
  "fields": {
    "question": 32,
    "choice_text": "China",
    "answer": false
  }
},
{
  "model": "Game.choice",
  "pk": 127,
  "fields": {
    "question": 32,
    "choice_text": "United State",
    "answer": true
  }
},
{
  "model": "Game.choice",
  "pk": 128,
  "fields": {
    "question": 32,
    "choice_text": "Canada",
    "answer": false
  }
},
{
  "model": "Game.choice",
  "pk": 129,
  "fields": {
    "question": 33,
    "choice_text": "Andes mountain",
    "answer": false
  }
},
{
  "model": "Game.choice",
  "pk": 130,
  "fields": {
    "question": 33,
    "choice_text": "Himalaya mountain",
    "answer": true
  }
},
{
  "model": "Game.choice",
  "pk": 131,
  "fields": {
    "question": 33,
    "choice_text": "Kao Loung mountain",
    "answer": false
  }
},
{
  "model": "Game.choice",
  "pk": 132,
  "fields": {
    "question": 33,
    "choice_text": "Tanowsri mountain",
    "answer": false
  }
},
{
  "model": "Game.choice",
  "pk": 133,
  "fields": {
    "question": 34,
    "choice_text": "Kao Loung mountain",
    "answer": false
  }
},
{
  "model": "Game.choice",
  "pk": 134,
  "fields": {
    "question": 34,
    "choice_text": "Himalaya mountain",
    "answer": false
  }
},
{
  "model": "Game.choice",
  "pk": 135,
  "fields": {
    "question": 34,
    "choice_text": "Andes mountain",
    "answer": true
  }
},
{
  "model": "Game.choice",
  "pk": 136,
  "fields": {
    "question": 34,
    "choice_text": "Tanowsri mountain",
    "answer": false
  }
},
{
  "model": "Game.choice",
  "pk": 137,
  "fields": {
    "question": 35,
    "choice_text": "Houngho river",
    "answer": true
  }
},
{
  "model": "Game.choice",
  "pk": 138,
  "fields": {
    "question": 35,
    "choice_text": "Yangzee river",
    "answer": false
  }
},
{
  "model": "Game.choice",
  "pk": 139,
  "fields": {
    "question": 35,
    "choice_text": "Lueng river",
    "answer": false
  }
},
{
  "model": "Game.choice",
  "pk": 140,
  "fields": {
    "question": 35,
    "choice_text": "Hainum river",
    "answer": false
  }
},
{
  "model": "Game.choice",
  "pk": 141,
  "fields": {
    "question": 36,
    "choice_text": "Thailand",
    "answer": false
  }
},
{
  "model": "Game.choice",
  "pk": 142,
  "fields": {
    "question": 36,
    "choice_text": "United State",
    "answer": false
  }
},
{
  "model": "Game.choice",
  "pk": 143,
  "fields": {
    "question": 36,
    "choice_text": "United Kingdom",
    "answer": false
  }
},
{
  "model": "Game.choice",
  "pk": 144,
  "fields": {
    "question": 36,
    "choice_text": "Japan",
    "answer": true
  }
},
{
  "model": "Game.choice",
  "pk": 145,
  "fields": {
    "question": 37,
    "choice_text": "Alexander",
    "answer": false
  }
},
{
  "model": "Game.choice",
  "pk": 146,
  "fields": {
    "question": 37,
    "choice_text": "Sain Peter",
    "answer": true
  }
},
{
  "model": "Game.choice",
  "pk": 147,
  "fields": {
    "question": 37,
    "choice_text": "Francisco",
    "answer": false
  }
},
{
  "model": "Game.choice",
  "pk": 148,
  "fields": {
    "question": 37,
    "choice_text": "Romeo",
    "answer": false
  }
},
{
  "model": "Game.choice",
  "pk": 149,
  "fields": {
    "question": 38,
    "choice_text": "Eden garden",
    "answer": true
  }
},
{
  "model": "Game.choice",
  "pk": 150,
  "fields": {
    "question": 38,
    "choice_text": "Himalaya mountain",
    "answer": false
  }
},
{
  "model": "Game.choice",
  "pk": 151,
  "fields": {
    "question": 38,
    "choice_text": "Pandora area",
    "answer": false
  }
},
{
  "model": "Game.choice",
  "pk": 152,
  "fields": {
    "question": 38,
    "choice_text": "Loving way",
    "answer": false
  }
},
{
  "model": "Game.choice",
  "pk": 153,
  "fields": {
    "question": 39,
    "choice_text": "Prayuth",
    "answer": false
  }
},
{
  "model": "Game.choice",
  "pk": 154,
  "fields": {
    "question": 39,
    "choice_text": "Moses",
    "answer": true
  }
},
{
  "model": "Game.choice",
  "pk": 155,
  "fields": {
    "question": 39,
    "choice_text": "Hitler",
    "answer": false
  }
},
{
  "model": "Game.choice",
  "pk": 156,
  "fields": {
    "question": 39,
    "choice_text": "Pom",
    "answer": false
  }
},
{
  "model": "Game.choice",
  "pk": 157,
  "fields": {
    "question": 40,
    "choice_text": "Newton",
    "answer": false
  }
},
{
  "model": "Game.choice",
  "pk": 158,
  "fields": {
    "question": 40,
    "choice_text": "Pythagoras",
    "answer": true
  }
},
{
  "model": "Game.choice",
  "pk": 159,
  "fields": {
    "question": 40,
    "choice_text": "Euler",
    "answer": false
  }
},
{
  "model": "Game.choice",
  "pk": 160,
  "fields": {
    "question": 40,
    "choice_text": "Guass",
    "answer": false
  }
},
{
  "model": "Game.waitingroom",
  "pk": 0,
  "fields": {
    "room_name": "Dummy Room",
    "room_id": 123456,
    "quiz_type": 1,
    "time": 5,
    "created": "2019-12-11T16:09:27.366Z",
    "started": true
  }
},
{
  "model": "Game.player",
  "pk": 1,
  "fields": {
    "status": "Host",
    "player_name": "Dummy",
    "room": 0,
    "score": 0,
    "current_question": 0,
    "streak": 0,
    "is_logged": false
  }
},
{
  "model": "Game.player",
  "pk": 2,
  "fields": {
    "status": "Host",
    "player_name": "Dummy",
    "room": 0,
    "score": 0,
    "current_question": 0,
    "streak": 0,
    "is_logged": false
  }
},
{
  "model": "Game.player",
  "pk": 3,
  "fields": {
    "status": "Host",
    "player_name": "Dummy",
    "room": 0,
    "score": 0,
    "current_question": 0,
    "streak": 0,
    "is_logged": false
  }
},
{
  "model": "Game.player",
  "pk": 4,
  "fields": {
    "status": "Host",
    "player_name": "Dummy",
    "room": 0,
    "score": 0,
    "current_question": 0,
    "streak": 0,
    "is_logged": false
  }
},
{
  "model": "Game.player",
  "pk": 5,
  "fields": {
    "status": "Host",
    "player_name": "Dummy",
    "room": 1,
    "score": 0,
    "current_question": 0,
    "streak": 0,
    "is_logged": false
  }
}
]
